{
	"blue" : 0.172549,
	"green" : 0.027451,
	"red" : 0.666667,
	"tolerance" : 314.516129
}
